news_id,Title,Link,Content,Category,Reporter,Date
1,"동운아나텍, 수익 견인한 'OIS'…글로벌 전장시장 공략 본격화",/news/articleView.html?idxno=626313,반도체 팹리스 기업 동운아나텍이 올해 주력인 손떨림방지 칩(OIS IC) 제품을 앞세워 매출 볼륨 회복에 나섰다. 내년 해외 자동차 전장시장의 본격적인 진출을 목표로 해외 지사 설립과 연구개발(R&D) 투자 등을 강화하고 있다. 신사업으로 속도를 내고 있는 헬스케어 부문에서도 연구인력을 늘리고 임상 신청 준비를 진행 중이다.13일 전자공시시스템에 따르면 동운아나텍은 올 3분기 누적 매출이 1073억원을 기록하며 지난해에 이어 연 매출 1000억원대를 유지했다. 이는 전년 동기와 비교해 35.6% 증가한 수치다. 지난해 헤일로 기술,테크기기,윤필호 기자,2024.11.13 13:29
2,"미국 MLS 선수에게 웨어러블 기기 입힌 '핏투게더', 97억원 투자 유치",/news/articleView.html?idxno=623755,"스포츠 테크기업 핏투게더가 97억원 규모 투자를 유치하고 미국·카타르 등 해외 시장 확장 발판을 마련했다. 핏투게더는 운동선수의 활동을 추적하고, 훈련 데이터를 수집·분석하는 '전자 성능 추적 시스템(EPTS)' 개발 기업이다.26일 핏투게더에 따르면 이번 투자는 우리벤처파트너스·스마일게이트인베스트먼트·KB인베스트먼트·KDB캐피탈·우리은행·중소기업진흥공단 등이 새로운 주주로 참여했다. 기존 주주인 해시드벤처스도 투자했다. 핏투게더는 이번 투자금을 활용해 제품·서비스 품질을 향상하고 해외 시장을 개척한다.앞서 핏투게더는 국제축구연맹(",테크기기,윤상은 기자,2024.09.26 15:43
3,건강 관리 강화한 삼성전자 갤럭시워치…부작용 우려하는 의료계,/news/articleView.html?idxno=619602,삼성전자가 갤럭시 플랫폼을 통해 실시간 건강관리 구현을 꿈꾸고 있다. 이에 의료전문가들은 아직 건강관리와 의료관리의 영역이 명확하지 않아 보건의료 시스템에 영향을 끼칠 수 있다는 우려를 제기한다. 24시간 건강관리 넘보는 삼성전자이번 갤럭시워치에서 가장 주목된 기능은 최종당화산물(AGEs) 측정이다. 삼성전자는 지난 10일(현지시간) 프랑스 파리에서 열린 언팩에서 갤럭시워치7과 웨어러블 신제품 2종(갤럭시워치울트라·갤럭시링)을 공개했다. 갤럭시워치에 탑재된 차세대 바이오액티브 센서에는 기존 적색·녹색·자외선 외에 황색·청색·자색·적,테크기기,안치영 기자,2024.07.19 06:00
4,"[다날의 자본거래]① 자회사 다날엔터, 두나무 매각 500억 차익…자금은 어디로?",/news/articleView.html?idxno=616769,통합 결제 비즈니스 전문기업 다날과 자회사 다날엔터테인먼트간 자본거래가 주주간 분쟁으로 비화될 조짐이다. 문제를 제기하는 측은 다날엔터테인먼트가 2022년 진행한 유상감자를 통해 기업가치 대비 큰 폭 웃도는 가격으로 다날에 자금을 지원해 줬다고 판단하고 있다.다날엔터테인먼트는 2012년 다날의 콘텐츠사업부문을 물적분할해 설립된 기업이다. 주요 사업영역은 모바일콘텐츠와 음원 제작·유통 사업이다. 현재 최대주주는 지분 83.23%를 보유하고 있는 다날이다. 가상화폐 열풍 덕 자본잠식 위기 벗어난 다날엔터다날과 다날엔터테인먼트간 자금 거,테크기기,유한새,2024.05.24 08:49
5,"캐논코리아, '노 재팬' 오명 벗고 미러리스로 재도약한다",/news/articleView.html?idxno=616696,"노 재팬(NO Japan, 일본제품 불매운동)' 영향으로 위축됐던 캐논코리아가 반등을 점치고 있다. 유튜버를 겨냥한 미러리스 마케팅에 집중하는 한편, 인공지능(AI)과 가상현실(VR)을 접목한 차별화된 제품을 선보이며 신시장 개척에도 나선다. 캐논코리아는 AI 멀티캠 영상편집시스템·VR 전용 렌즈로 방송·영상 시장을 공략하고 메디컬 시장에서도 점유율을 확보할 계획이다.캐논코리아는 22일 ‘제32회 국제 방송·미디어·음향·조명 전시회(KOBA2024)’가 열린 서울 강남구 코엑스에서 미디어 세미나를 열고 미러리스 주요 제품 및 신제",테크기기,윤아름 기자,2024.05.22 18:02
6,노크하고 장애물 피해 도로 달린다…똑똑한 로보티즈 '배송로봇'의 매력[로보인사이드]①,/news/articleView.html?idxno=611490,"로봇 기업의 혁신적인 아이디어와 리더십을 소개해 첨단 로봇산업이 미래로 향하는 길을 제시합니다. 산업의 변화를 주도하는 주요 기업들의 청사진을 직접 확인해 보세요.최근 공항, 음식점, 쇼핑몰에서는 안내와 서빙을 하는 로봇을 쉽게 만나볼 수 있다. 공상과학 영화에서 나오듯 로봇이 사람의 노동을 완전히 대체하는 시대가 오는 모습도 연상된다. 국내 로봇 개발·생산 기업인 로보티즈는 10년 내 로봇이 사람 숫자만큼 불어날 것이라고 보고 있다. 지난 26일 서울 강서구 마곡에 위치한 로보티즈 본사에 방문해 로봇 기술의 현재와 로보티즈의 미래",테크기기,윤아름 기자,2024.01.30 14:29
7,"에이피알, 2024년 글로벌 확장 첫 걸음은 'CES 2024'…'부스터 프로' 美 진출 주력",/news/articleView.html?idxno=610725,"뷰티테크 기업 에이피알이 세계 최대 규모 IT·가전 박람회 CES 2024에 첫 참가, 부스 운영을 마무리했다. 2023년 미국 시장에서 큰 성장세를 보인 이후 글로벌 시장에 선보인 K-뷰티테크다.에이피알은 지난 9일부터 12일까지 미국 라스베가스에서 열린 국제전자제품박람회 CES 2024에 부스를 마련하고 신제품 '부스터 프로'와 더마EMS, 유쎄라딥샷, ATS에어샷, 부스터힐러, 아이샷, 바디샷, 출시 예정인 신제품을 선보였다. 부스터 프로는 에이피알의 뷰티 브랜드 메디큐브의 뷰티 디바이스 제품으로, 2023년 10월 출시됐다.",테크기기,안신혜 기자,2024.01.14 20:00
8,"해고 칼바람 속, 생성형 AI 로봇을 CEO로 임명한 기업이 있다[퓨처클립]",/news/articleView.html?idxno=607061,생성형 AI(인공지능)가 확산되면서 일하는 방식도 변화하고 있습니다.최근 폴란드 기업 딕타도르(Dictador)는 생성형 AI로봇 '미카'를 최고경영자(CEO)로 임명했습니다. 앞으로 일자리의 미래가 어떻게 변화할지 가늠해 볼 수 있는 부분입니다. 자세한 내용은 의 [퓨처클립] 영상을 통해 확인하세요.,테크기기,박진화 기자,2023.10.06 15:06
9,"샤오미 로봇 반려견 '사이버독2', 주인 얼굴도 알아본다[퓨처클립]",/news/articleView.html?idxno=605890,중국의 IT(정보기술) 기업 샤오미가 로봇 반려견 '사이버 독2'를 출시했습니다.지난 2021년 현대자동차 산하 로봇 전문 기업 보스턴 다이내믹스의 '스팟'과 경쟁하기 위해 샤오미는 로봇개 사이버 독을 선보였습니다. 이번에 공개된 사이버 독2는 전작의 업그레이드 버전입니다. 회사는 사이버 독2의 디자인을 전작보다 사람에게 친숙한 모습으로 개선했습니다. 사이버 독2는 고성능 모터를 장착해 운동능력이 강화됐어요. 주인 얼굴을 식별하고 외부 산책 시 장애물도 스스로 피할 수도 있습니다. 자세한 내용은 의 [퓨처클립] 영상을 통해,테크기기,박진화 기자,2023.08.31 08:27
10,딱 접히는' 갤럭시 Z 폴드5…'드래그앤드롭'으로 노트앱에 사진 붙이기도 OK[블로터언팩],/news/articleView.html?idxno=605224,"삼성전자가 지난달 26일 갤럭시 언팩을 통해 공개한 ‘갤럭시 Z 폴드5(이하 폴드5)’는 외관이나 스펙이 전작과 큰 차이가 나진 않는다. 다만 지난 1주일간 사용해본 결과 세부적 부분에서 안정감을 높이고 기본기를 갖췄다는 느낌을 받았다.먼저 디자인 측면에서 폴드5는 폴드4와 큰 차이가 없었다. 다만 두께가 전작 대비 2mm 이상 얇아졌다. 무게도 전작 대비 10g 가량 줄어든 253g이다. 이로 인해 손에 쥐었을 때의 그립감이 좋아졌으며, 단지 10g의 차이만으로도 확연히 가벼워졌다는 느낌을 받았다. 유튜브나 OTT 등 장시간 시청",테크기기,김수민 기자,2023.08.10 16:49
11,"갤탭S9, 업그레이드 된 ‘몰입감’…미술작가도 만족한 S펜 필기감[블로터언팩]",/news/articleView.html?idxno=605207,"“갤럭시 탭 S9 시리즈는 엔터테인먼트 시청, 창작 활동의 사용성 및 향상된 생산성 경험에서 차원이 다른 프리미엄 태블릿 경험을 제공하는 제품”노태문 삼성전자 MX사업부장(사장)이 지난달 26일 ‘갤럭시 언팩’에서 플래그십 태블릿 PC ‘갤럭시 탭 S9(이하 S9)’ 시리즈를 선보이며 한 말이다. 노 사장이 강조한 시청, 창작 활동의 사용성 관점에서 지난 1주일 간 S9 최상위 모델인 S9 울트라를 써봤다.S9 울트라의 가장 큰 장점은 디스플레이다. 디스플레이 크기는 36.99cm이며 화면비를 16:10으로 맞춰 시원하면서도 몰입감",테크기기,김수민 기자,2023.08.10 14:25
12,혼자가 아닌 팀으로..사족보행 로봇 '애니멀' 우주로 가다[퓨처클립],/news/articleView.html?idxno=604109,우주 탐사 로버(Rover)는 상대적으로 작은 바퀴를 이용해 이동하기 때문에 울퉁불퉁한 지형이나 경사가 있는 지형에서는 극복하기 어려운 점이 있었습니다.이 점을 극복하기 위해 유럽우주국(ESA)은 곧 진행 예정인 달 탐사 프로젝트와 화성 등 다른 행성 탐사 임무를 더 효과적으로 수행할 수 있는 디자인을 공모했습니다. 그 결과 스위스 취리히연방공과대(ETH Zurich) 연구팀이 개발한 애니멀(ANYmal) 로봇이 선정돼 추가 개발을 위한 연구비를 지원받게 됐습니다.스위스 연구팀은 한 대의 탐사 로봇을 우주로 보내는 것이 아니라 여러,테크기기,박진화 기자,2023.07.19 06:00
13,라이딩 도중 눈앞에 내비 정보가?..BMW '스마트 글래스'[퓨처클립],/news/articleView.html?idxno=603995,"BMW 모터사이클 브랜드, BMW 모토라드가 스마트글래스를 공개했습니다.해당 제품은 자동차의 헤드업 디스플레이(HUD) 기술에서 착안했습니다. 내비게이션, 속도 등 주행 중 필요한 각종 정보를 실시간으로 표시해 주고, 이를 통해 시선 이동을 최소화해 안전한 라이딩을 돕는다고 합니다.자세한 내용은 의 [퓨처클립] 영상을 통해 확인하세요.",테크기기,박진화 기자,2023.07.15 12:00
14,트랜스포머 현실화 멀지 않았다...다각형 변신 로봇 '모리(Mori)3' [퓨처클립],/news/articleView.html?idxno=603581,"스위스 로잔연방공과대(EPFL) 연구팀은 2D 삼각형 형태에서 다양한 3D 물체로 변신 가능한 모듈러 로봇 ‘모리(Mori) 3’을 개발했습니다.모리3 로봇의 개별 모듈은 삼각형 모양이며, 각각의 모듈은 ‘폴리곤 메싱(poligon meshing)’이라고 불리는 프로세스를 통해 다양한 크기와 구성의 폴리곤(다각형) 형태로 변형됩니다. 새로운 환경과 보이지 않는 작업에 적응하기 위해 크기, 모양까지 환경에 맞게 조립하고 분해할 수 있다고 합니다.자세한 내용은 의 [퓨처클립] 영상을 통해 확인하세요.",테크기기,박진화 기자,2023.07.06 18:30
15,"박자 칼같은 로봇 지휘자 ‘에버6’, 인간을 대체할까?[퓨처클립]",/news/articleView.html?idxno=603358,"한국생산기술연구원이 개발한 안드로이드 로봇 '에버6'을 소개합니다팔과 목,어깨에 달린 20개의 모터로 유연하고 섬세한 지휘를 선보이는데요. 아직은 사람과의 협업을 통해서 완성될 수 있다고 합니다.최수열 지휘자는 실제로 연습 과정에서 ‘에버6’의 지휘가 이상하게 빠르게 느껴질 때도 있었는데, 실제로 박자를 세보니 그렇지 않더라고요. 덕분에 연주자들끼리 오히려 더 교감하며 연주한다는 걸 확인했습니다.” 라고 말했습니다.자세한 내용은 의 [퓨처클립] 영상을 통해 확인하세요.",테크기기,박진화 기자,2023.07.02 12:04
16,"LGU+, 카카오모빌리티와 500억원 규모 전기차 충전 JV 설립",/news/articleView.html?idxno=603359,LG유플러스가 카카오모빌리티와 전기차 충전 서비스 사업을 위해 JV(합작법인)를 설립한다. LG유플러스는 30일 카카오모빌리티와 전기차 충전시장의 경쟁력 확보를 위해 JV를 설립한다고 공시했다.출자 방식은 LG유플러스가 발행주식 총수의 50%+1주(1000만1주)를 취득하고 카카오모빌리티가 50%(1000만주)를 취득해 JV를 설립한다. 출자금액은 각각 약 250억원 규모다. 다만 아직 JV의 명칭이나 가칭은 정해지지 않았다.회사측은 공시를 통해 “전기차 충전시장의 경쟁력 확보를 위해 당사와 카카오모빌리티가 전기차 충전서비스업을 주,테크기기,김수민 기자,2023.06.30 17:36
17,작게 접어 갖고 다니는 여행용 '태양 전지판'[퓨처클립],/news/articleView.html?idxno=603160,"신생기업 'Sego(세고)'가 여행용 태양 전지판을 만들었습니다.가볍고 어디든 쉽게 배치할 수 있으며 눈, 우박, 강풍마저 견딜 수 있다고 합니다. 제품은 Kickstarter(킥스타터)의 크라우드 펀딩 캠페인을 통해 제공될 예정이라고 합니다. 자세한 내용은 의 [퓨처클립] 영상을 통해 확인하세요.",테크기기,박진화 기자,2023.06.28 06:00
18,27인치 LCD 탑재한 LG전자 액자형 에어컨 '아트쿨'[퓨처클립],/news/articleView.html?idxno=603089,"LG전자가 LCD 액자형 에어컨 ‘LG 휘센 오브제컬렉션 아트쿨’을 출시했습니다.액자처럼 보이는 부분은 풀 HD 해상도의 디스플레입니다. 이 디스플레이를 본인의 취향대로 꾸미면서 인테리어 효과를 줄 수 있다고 합니다.그뿐만 아니라, 스마트폰의 화면을 디스플레이에 띄울 수 있다고 합니다. 자세한 내용은 의 [퓨처클립] 영상을 통해 확인하세요.",테크기기,박진화 기자,2023.06.27 06:00
19,배터리·바스켓 '떼었다 붙이는' 스웨덴 전기 바이크[퓨처클립],/news/articleView.html?idxno=602935,"스웨덴의 순수 전기 바이크 브랜드, 케이트(CAKE)는 개별 맞춤 제작이 가능한 실용적인 바이크로 알려져 있습니다.'가볍고, 조용하고, 깨끗함'을 핵심 가치로 추구하는 이 회사는 북유럽 특유의 간결한 디자인과 초경량, 고성능이 특징입니다. 자세한 내용은 의 [퓨처클립] 영상을 통해 확인하세요.",테크기기,박진화 기자,2023.06.22 13:06
20,"스포츠 혁명을 일으킬 휴먼 스케일 로봇, ESTHER [퓨처클립]",/news/articleView.html?idxno=602751,스포츠에서도 휴먼 스케일 로봇이 등장했습니다. 바로 훨체어 테니스용 로봇인데요. School of Interactive Computing의 로봇 공학 부교수인 Gombolay는 지난 2년 동안 그의 열정적인 프로젝트를 구축했다고 합니다. 자세한 내용은 의 [퓨처클립] 영상을 통해 확인하세요.,테크기기,박진화 기자,2023.06.17 13:00
21,90kg 짐도 번쩍…웨어러블 로봇 '가디언 XO' 입으면 당신도 아이언맨[퓨처클립],/news/articleView.html?idxno=602604,"이 로봇은 미국 솔트레이크 시티에 위치한 산업용 웨어러블 로봇 전문 업체인 '사코스 로보틱스(Sarcos Robotics)'에서 만든 ‘가디언 XO’입니다.무거운 물건을 들어 올리거나 높은 곳에서 전동공구 작업할 때 활용할 수 있습니다.사람이 접근하기 어려운 곳에서 원격 작업을 수행 하는 '가디언 XT' 로봇도 있답니다.사코스 로보틱스는 지난 2000년 이후 미 국방성 산하 DARPA(고등방위계획국)의 지원을 받아 웨어러블 로봇 개발을 추진했어요. 마이크로소프트, GE 등의 투자를 받아 ‘가디언 XO’의 개발에 필요한 자금을 충당했",테크기기,박진화 기자,2023.06.14 06:00
22,디스플레이 없는 'AR 노트북' 공개...100인치 가상화면이 눈앞에[퓨처클립],/news/articleView.html?idxno=602557,"이스라엘의 컴퓨터 제조기업 사이트풀(Sightful)이 세계 최초의 증강현실(AR) 노트북을 발표했습니다. 2.54m 크기의 가상 스크린에 6개 이상의 창을 켜두고 작업이 가능하다고 하는데요.터치패드로 세 손가락을 위아래로 스와이프하면 구부러진 '화면'이 더 가까워지거나 더 멀어지고 합니다. 사용성에 도움이 될 뿐만 아니라 필요에 따라 몸을 기울여 특정 창을 더 자세히 볼 수도 있습니다.100인치나 되는 대화면으로 공간의 제약 없이 사용할 수 있다는 점이 매력적으로 보입니다. 다만 작지 않고, 무게는 약 1.4kg로 액정이 없다고",테크기기,박진화 기자,2023.06.13 00:17
23,"KT, MS ‘서피스 프로9 5G’ 단독 출시…그 스펙은?",/news/articleView.html?idxno=602531,KT가 5G 통신이 지원되는 마이크로소프트(MS)의 프리미엄급 노트북을 단독 출시한다.KT는 공식 온라인몰 ‘KT샵’에서 MS의 ‘서피스 프로9 5G’를 단독 출시한다고 12일 밝혔다. KT에서 최초로 공식 출시되는 서피스 프로다.서피스 프로9 5G는 MS가 만든 빠른 멀티태스킹 기반의 업무용에 적합한 2in1 프리미엄 노트북이다. 플래티넘 색상 1종으로 출시되며 키보드를 탈부착할 수 있어 휴대성도 갖췄다. 주요 스펙으로는 △5G 통신 지원 △윈도 11 프로 탑재 △SQ3 프로세서 △13인치 고해상도 FHD 디스플레이 △8GB 메모,테크기기,김수민 기자,2023.06.12 10:17
24,"KT서브마린, LIG넥스원과 167억원 규모 원거리탐지 음향센서 공급계약",/news/articleView.html?idxno=602528,KT서브마린은 LIG넥스원과 동해지역(A해역) 원거리탐지용 음향센서 수중설치 계약을 체결했다고 12일 공시했다.계약금액은 166억6800만원으로 이는 전년 매출 대비 39%에 해당하는 규모다. 계약기간은 2025년 1월 20일까지다.,테크기기,조재훈 기자,2023.06.12 09:42
25,"KT, ‘올인원’ 형태로 만든 셋톱박스…무엇이 달라졌나",/news/articleView.html?idxno=601926,"KT가 IPTV 셋톱박스, 무선인터넷 공유기, AI(인공지능) 스피커 등을 통합한 ‘지니 TV 올인원 사운드바(이하 사운드바)를 선보였다. 하나의 단말기에 다양한 기능을 담아 편의성을 높였으며 고화질·고음질 등 TV 시청 환경까지 고려한 것이 특징이다.KT는 이달 23일 서울 종로구 인사동에 위치한 갤러리에서 체험 행사를 열고 사운드바에 적용된 기술과 성능을 소개했다.먼저 디자인 측면에서 사운드바는 IPTV 셋톱박스, 무선인터넷 공유기, AI스피커를 하나로 통합한 올인원으로 만든 것이 가장 큰 특징이다. 3개의 단말기를 하나로 통합",테크기기,김수민 기자,2023.05.24 09:00
26,"HP, '오멘 16 슬림' 공개…韓 게이밍 PC 선두 굳히기",/news/articleView.html?idxno=601677,"HP가 게이밍 노트북 오멘(OMEN) 라인업 중 가장 얇은 제품인 '오멘 슬림 16'을 공개하고 게이밍 PC 선두 주자로서의 입지를 굳히기 위한 향후 비전과 국내 사업 전략 청사진을 밝혔다. '오멘' 중 가장 슬림…현대인 라이프스타일 겨냥HP는 16일 서울 종로구에 위치한 e-스포츠 경기장 롤파크에서 기자 간담회를 열고 초경량 프리미엄 게이밍 노트북 'HP 오멘 16 슬림(OMEN 16 Slim)'을 공개하고, 국내 게이밍 사업 전략을 발표했다. 이날 간담회에는 김대환 HP 코리아 대표, 소병홍 퍼스널 시스템 카테고리 전무를 비롯한",테크기기,안신혜 기자,2023.05.16 14:30
27,"적자 시달리던 '빅솔론', 1Q 흑자전환",/news/articleView.html?idxno=601383,"지난해 4분기 적자를 기록했던 코스닥 상장사 '빅솔론'이 올 1분기 흑자전환에 성공했다. 9일 빅솔론이 발표한 1분기 연결재무제표 기준 영업(잠정)실적에 따르면 해당 시기 빅솔론은 매출 약 309억원, 영업이익 약 37억원, 당기순이익 약 49억원을 기록했다.지난해 4분기 적자(영업손실 8억3400만원)를 기록했던 빅솔론은 한 분기 만에 흑자전환을 달성했다. 같은 기간 매출도 전분기 대비 15.0% 증가하며 300억원대를 회복했다.다만 빅솔론의 1분기 실적은 지난해 같은 기간과 비교해 매출, 영업이익이 각각 5.6%, 36.7% 감",테크기기,채성오 기자,2023.05.09 10:22
28,캐논 '이미지 포뮬러 R50'이면 5분만에 소설책 스캔 뚝딱 [블로터언팩],/news/articleView.html?idxno=601107,#종이 서류를 들고 다니는 것은 여간 번거로운 일이 아니다. 출퇴근길 대중교통을 이용하며 업무 관련 서류를 읽어보려고 해도 만원 지하철에서 종이를 꺼내드는 것은 쉽지 않다. 서류를 이미지로 만들어 스마트폰에 넣고 다니고 싶은 마음이 굴뚝같다. #가전제품 설명서나 지금 당장은 보지 않지만 언젠가는 참고할 것 같은 종이 서류들은 어느 가정이나 한 구석에 자리를 차지하고 있는 경우가 많다. 이 서류들을 이미지나 PDF 파일로 만들어 스마트폰에 보관하거나 클라우드에 옮겨놓는다면 잃어버릴 염려도 없고 필요할 때 간편하게 꺼내볼 수 있다. 이,테크기기,박현준 기자,2023.05.01 09:00
29,"삼성전자도 직격탄 맞은 반도체 불황…""메모리 기업 '재무완충력' 주목해야""",/news/articleView.html?idxno=600770,"유례없는 업황 다운사이클(하강 국면)으로 수조원대 적자를 낸 메모리반도체 기업에 신용도 하락 우려가 증폭되고 있다. 호황과 불황을 수년 주기로 오가며 실적 변동성이 큰 산업 특성상 다운사이클에도 견딜 수 있는 재무완충력을 갖춘 기업에 주목해야 한다는 목소리가 나온다.김정훈 한국신용평가 수석애널리스트는 이달 17일 ‘예상보다 깊은 메모리반도체 업황 침체, 극복 가능한가?’를 주제로 진행한 웹캐스트에서 다운사이클 속 기업 신용도를 살피는 지표로 재무완충력과 투자 및 재무정책 기조, 시장지위와 원가경쟁력 등 세 가지를 제시했다. 인공지능",테크기기,이진솔 기자,2023.04.18 17:41
30,갤럭시북3 울트라' 메인보드 설계만 8번 한 이유...'휴대성',/news/articleView.html?idxno=50579,"삼성전자가 최근 출시한 프리미엄 노트북 갤럭시북3 울트라는 '휴대성'을 위해 모든 부분이 처음부터 다시 설계됐다.삼성전자는 23일 서울 중구 삼성전자 기자실에서 '갤럭시 북3 울트라' 개발 과정에 대한 미디어 브리핑을 진행했다. 발표를 맡은 심황윤 삼성전자 MX사업부 노트북 하드웨어개발 2그룹장(상무)은 ""최고의 성능을 보장하면서도 충분한 휴대성을 제공하는 것이 중점 과제였다""며 ""메인보드만 총 8번 재설계하며 모든 것을 처음부터 다시 고민했다""고 말했다.심 상무는 ""노트북의 이동성을 보장할 수 있는 무게는 (어댑터를 포함해) 2k",테크기기,정병연 기자,2023.03.23 16:07
31,목에 걸어도 부담없다' 입문자용 미러리스 캐논 'EOS R50'[블로터언팩],/news/articleView.html?idxno=50495,"목에 걸고 다니는 데 부담이 없다는 것만으로도 캐논 미러리스 카메라 'EOS R50'을 선택할 이유는 충분하다. 물론 스마트폰과 비교해 높은 수준의 사진 · 영상을 찍기 위한 카메라의 필수 기능도 모두 갖췄다. 이제 막 스마트폰을 졸업하고 본격적으로 카메라를 활용해보려는 예비 크리에이터라면 복잡하게 생각할 것 없다. 훗날 EOS R50을 자유자재로 다루는 날이 온다면 그때가 바로 중급자용으로 나아갈 타이밍이라고 여기면 된다.캐논의 EOS R50 소개 영상은 ""작고 가볍다(Compact and lightweight), 더 쉽게 더 아",테크기기,정병연 기자,2023.03.21 17:41
32,"‘역대 가장 얇은’ LG 그램 신제품, 그 성능은 어떨까?",/news/articleView.html?idxno=50321,"LG전자의 프리미엄 노트북 ‘LG 그램’이 더 얇고 가벼워졌다. 역대급 얇기와 대화면에도 무게를 줄였지만, OLED(유기발광 다이오드) 디스플레이와 최신 부대 장치들을 탑재하면서 성능은 향상시킨 것이 특징이다.LG전자는 16일 그램 신제품(모델명: 15Z90RT)을 출시한다고 밝혔다. 신제품의 무게는 역대 그램 가운데 가장 얇은 10.9mm이다. 같은 화면 크기의 그램보다 4.4mm 더 줄었다. 무게는 990g으로 15.6형(대각선 길이 39.6cm) 대화면을 탑재하고도 1kg을 넘지 않는다.제품 외관 소재는 ‘마그네슘합금’을 사용",테크기기,김수민 기자,2023.03.16 10:25
33,캐논이 갤럭시·아이폰에 대응하는 법…'작고 강한' 미러리스,/news/articleView.html?idxno=50075,광학전문기업 캐논이 카메라 성능을 대폭 끌어올린 스마트폰에 대응하는 전략은 휴대성을 강화하면서 성능까지 챙긴 '작고 강한 미러리스'로 요약된다. 미러리스 카메라란 DSLR(디지털 일안 반사식) 카메라에서 반사거울과 프리즘을 없앤 카메라를 말한다. DSLR보다 카메라의 크기가 작고 가볍다. DSLR 카메라에 있는 뷰파인더 대신 액정표시장치(LCD)를 통해 피사체를 확인한 후 사진이나 영상을 찍을 수 있다.캐논의 미러리스 카메라 브랜드는 'EOS R'이다. 캐논은 최근 수년간 EOS R 시리즈의 미러리스 카메라를 내놓으며 지속적으로 크,테크기기,박현준 기자,2023.03.12 18:00
34,"삼성 갤럭시S23, 전작보다 더 비싼 이유 있었다",/news/articleView.html?idxno=50106,"삼성전자의 신형 스마트폰 갤럭시S23의 출고가가 전작 대비 15만원가량 늘어난 배경은 스마트폰에 사용되는 퀄컴의 칩 등 원재료 가격의 상승이 손꼽힌다.11일 삼성전자의 사업보고서에 따르면 스마트폰의 주요 원재료인 모바일AP(애플리케이션 프로세서) 가격이 전년 대비 약 77% 상승한 것으로 나타났다. 이에 따라 AP 총 매입액도 2021년 6조2116억원에서 2022년 9조3138억원으로 49.9% 늘었다.AP는 중앙처리장치(CPU), 그래픽처리장치(GPU) 등 기능이 통합된 시스템 반도체를 말한다. 주로 모바일 제품용으로 개발돼왔다",테크기기,김수민 기자,2023.03.11 07:00
35,크리에이터가 스마트폰 말고 캐논 미러리스 'EOS R8·R50' 선택하면 무엇이 좋나,/news/articleView.html?idxno=47609,캐논코리아가 콘텐츠 크리에이터를 타깃으로 공개한 미러리스 카메라 신제품 2종은 풀프레임을 기반으로 보다 심도 깊은 영상을 촬영할 수 있는 점이 스마트폰과의 주요 차별점으로 꼽힌다.캐논코리아가 9일 공개한 미러리스 카메라 EOS R8과 EOS R50은 △풀프레임 △렌즈를 활용한 다양한 앵글 △휴대성 등이 특징이다. 크리에이터들은 삼성전자의 갤럭시 S 시리즈나 애플의 아이폰 시리즈 등의 스마트폰을 활용해 영상을 촬영하는 경우가 늘었다. 이에 전통의 광학 기술 전문 기업 캐논은 스마트폰이 태생적으로 디지털 카메라를 넘볼 수 없는 화질과,테크기기,박현준,2023.02.09 13:18
36,"구글, 스마트폰 '픽셀7' 시리즈와 '픽셀워치' 첫 공개",/news/articleView.html?idxno=46126,구글이 6일(현지시간) 신제품 공개 행사를 통해 스마트폰 ‘픽셀7’ 시리즈와 구글의 첫 스마트워치 ‘픽셀워치’를 선보였다. 구글은 이날 뉴욕에서 '메이드 바이 구글(Made by Google)' 행사를 열었다.이날 공개된 픽셀7은 6.3인치 HD+해상도(2400 x 1080) 90Hz 디스플레이를 적용한다. 메모리 용량은 8GB다. 후면에는 5000만 화소 표준 카메라와 1200만 화소 초광각 카메라로 구성됐다. 전면 카메라는 전작에서 한층 업그레이드된 1200만 화소 카메라를 갖췄다. 본체는 100% 재활용된 알루미늄으로 제작됐다,테크기기,최경미,2022.10.07 09:14
37,"“애플, 이번 달 출시하는 아이패드·맥북 프로 행사 없이 공개”",/news/articleView.html?idxno=46064,"애플이 이번 달 출시되는 신제품 공개를 위해 별도의 행사를 개최하지 않을 것이라는 전망이 나왔다. 2일(현지시간) 은 애플이 새 아이패드 프로, 맥 미니, 맥북 프로를 개발 중이며 이 중 일부는 이번 달에 공개될 것이라고 보도했다. 다만 해당 제품들은 보도 자료, 웹사이트 업데이트나 언론인 대상 브리핑을 통해 발표될 것이라는 설명이다.블룸버그는 “아이폰14가 공개된 지난달 행사가 올해 애플이 마지막으로 여는 주요 행사였을 것”이라고 전했다.일부 전문가는 애플이 두 번째 가을 행사를 열어 일부 신제품을 공개할 것으로 예",테크기기,최경미,2022.10.03 10:04
38,"하늘?우주 다 잇는다'...LIG넥스원, '통합 통신단말기술' 개발 추진",/news/articleView.html?idxno=45988,"LIG넥스원이 급변하는 현대전에 대비하기 위한 통신 핵심 기술 개발을 준비한다. 위성, 공중, 지상 등 다양한 계층을 연결하는 통합 통신체계의 필요성이 커진 데 따른 것이다. 27일 LIG넥스원은 미래전장의 통합을 목표로 통합 통신의 필수 기술인 다계층 통신을 위한 ‘통합 통신단말의 핵심기술’ 개발 준비에 나섰다고 밝혔다. 초연결, 초융합, 초지능화 기술 발전으로 급변하는 현대전에서는 하나의 장비를 통한 전 구성원의 네트워크 연결이 필수로 여겨지기 때문이다. LIG넥스원은 이미 오래 전부터 통신 기기 제품 개발 경력을 쌓아왔다. 1",테크기기,김성진,2022.09.27 10:47
39,"구글, 픽셀북 개발 중단…크롬북은 지속",/news/articleView.html?idxno=45803,구글이 자체 개발 프리미엄 노트북 '픽셀북'의 신형 모델 개발을 백지화하고 노트북 담당 팀을 해체했다.12일(현지시간) IT전문매체 는 익명의 소식통을 인용해 구글이 비용절감의 일환으로 픽셀북 후속 프로젝트를 중단했다고 보도했다. 픽셀북 후속 모델 개발은 상당히 진전돼 내년 공개를 앞두고 있었다.이 팀 직원들은 구글의 다른 부서로 전환 배치될 예정인 것으로 전해졌다. 구글은 불과 몇 달 전까지만 해도 픽셀북을 개발할 계획이었던 것으로 알려졌다. 릭 오스털로 구글 하드웨어 부문 책임자는 지난 5월 더버지와의 인터뷰에서 “우리,테크기기,최경미,2022.09.15 15:39
40,C타입' 대세화 글로벌 USB…소비 트렌드는 '듀얼 커넥터'로,/news/articleView.html?idxno=45728,"USB(범용직렬버스) 구입을 고려 중인 국내외 소비자 가운데 절반 이상은 듀얼 커넥터형 USB C타입 제품 구입을 고려 중인 것으로 나타났다. PC 외 기기와 연동이 쉽고, 특히 스마트폰과 함께 활용하기 쉽다는 강점 덕분이다. 스토리지 솔루션 전문기업 웨스턴디지털이 최근 실시한 USB 소비자 트렌드 조사 결과에 따르면 전세계 소비자들은 평균 3개의 USB를 보유하고 있었다. 연내에 USB를 추가로 구매할 의향이 있는 응답자는 약 75%였으며, 이들 중 66%는 싱글 커넥터보다 듀얼 커넥터 제품 구입을 더 고려하고 있다고 답했다. 해",테크기기,이건한,2022.09.07 07:00
41,“애플 MR 헤드셋 출시명은 리얼리티…상표 출원서 통해 확인”,/news/articleView.html?idxno=45603,"애플이 개발 중인 것으로 알려진 혼합현실(MR) 헤드셋의 출시명이 ‘리얼리티’(Reality)가 될 것으로 보인다고 28일(현지시간) 이 보도했다.블룸버그에 따르면 최근 애플은 ‘리얼리티 원’, ‘리얼리티 프로’, ‘리얼리티 프로세서’에 대한 상표의 특허권을 미국, 유럽연합(EU), 영국 등 총 9개국에서 출원했다. 상표 출원서에는 가상현실·증강현실(VR·AR) 헤드셋, 고글, 글래스, 스마트글래스에 대한 내용이 포함된 것으로 전해진다. 블룸버그는 “리얼리티 원 상표는 헤드셋 자체에 대한 이름, 리얼리티 프로는 상향된",테크기기,최경미,2022.08.29 09:08
42,"신성이엔지, 만년 적자 태양광 사업 '안정권'...11년 '무배당' 깨질까",/news/articleView.html?idxno=45382,"신성이엔지가 적자를 면치 못했던 재생에너지(RE) 사업부의 실적이 개선되면서 올해 경영 실적이 눈에 띄게 개선됐다. 전 사업 부문이 고루 성장하면서 올해 상반기 수익성은 '미들 싱글 디짓' 구간에 진입한 것으로 나타났다. 당기순손실은 6개 분기 만에 흑자 전환했다. 신성이엔지는 2010년 이후 11년째 무배당 정책을 고수하고 있는데, 실적 개선이 배당을 재개할 모멘텀이 될지 관심이다. 신성이엔지는 11일 2분기 경영 실적을 발표했다. 매출은 1761억원, 영업이익은 102억원을 기록했다. 매출은 전년 동기 대비 77.7%, 전기 대",테크기기,구태우,2022.08.11 15:52
43,"애플, ‘홈팟’ 포함한 스마트 홈 기기 개발 중",/news/articleView.html?idxno=45312,애플이 향후 2년 동안 스마트 홈 제품군을 크게 확장할 것이라는 전망이 나왔다.7일(현지시간) (이하 블룸버그)에 따르면 애플은 현재 적어도 4개의 스마트 홈 기기를 개발 중이다. 블룸버그는 현재 개발 중인 장치가 모두 출시되지는 않을 것으로 예상했다. 여기에는 애플의 스마트 스피커인 ‘홈팟’의 신형 모델과 ‘홈팟 미니’가 포함돼있다. 앞서 블룸버그는 애플이 새로운 홈팟에 애플워치 시리즈8에 적용되는 칩과 동일한 S8 칩을 탑재할 예정이라고 밝힌 바 있다. 애플은 2018년에 처음 홈팟을 선보였으나 지난해 3월 이를,테크기기,최경미,2022.08.08 08:42
44,"올 9월 공개되는 ‘고급형 애플워치’, 새로운 디자인 적용된다",/news/articleView.html?idxno=45098,오는 9월 공개될 예정인 애플의 고급형 스마트워치 ‘애플워치 프로’ 모델에 새로운 디자인이 적용될 것이라는 전망이 나왔다. 이는 애플이 애플워치 시리즈4 출시 이후 처음으로 선보이는 신형 스마트워치 디자인이다. 24일(현지시간)  통신의 파워온 뉴스레터는 새로 출시되는 애플워치 시리즈8의 고급형 모델 화면 크기가 시리즈7에 비해 7%가 더 커진다고 보도했다. 화면과 함께 기기 전체의 크기도 커질 것으로 예측된다. 블룸버그의 마크 거먼 기자는 뉴스레터를 통해 해당 모델이 원형이 아닌 직사각형 모양을 유지할 것으로 전망했다.,테크기기,최경미,2022.07.25 08:41
45,리프레시 위한 필수템 'LG 힐링미 안마의자 타히티',/news/articleView.html?idxno=44712,"2년 동안 일상을 짓눌렀던 코로나19가 소강상태에 접어들었다. 사회적 거리두기 완화로 미뤄왔던 야외 활동 수요가 늘고 있다. '보복 소비, 보복 여행'이라는 말까지 나올 정도다. 다만 갑작스러운 야외 활동은 피로를 불러오기도 한다. 리프레시(휴식)가 어느 때보다 중요해진 이유다.LG전자가 리프레시를 위한 프리미엄 안마의자 'LG 힐링미 안마의자 타히티'를 선보였다. 기존 제품에서 찾아볼 수 없던 핸드모션 입체안마, 내마음 코스(지문인식), 음성인식 기능도 탑재됐다.고객은 핸드모션 입체안마를 활용해 손 마사지 느낌의 안마를 받을 수",테크기기,최창원,2022.06.23 13:59
46,"‘소문 무성’한 애플판 VR·AR 기기, 출시 임박?…이사회 테스트 진행",/news/articleView.html?idxno=44336,"애플 이사회가 가상현실·증강현실(VR·AR)이 모두 가능한 혼합현실(MR) 기기를 테스트하고 있단 관측이 나왔다.19일(현지시간) 블룸버그·더버지 등 외신에 따르면 애플은 최근 이사회를 열고 MR 헤드셋을 시연했다. 애플 이사회는 1년에 약 4번 정도 개최되며, 주로 신제품 출시를 앞두고 기능이나 서비스 등을 점검하는 것으로 전해진다.일각에선 이 때문에 오는 6월6일 열리는 세계개발자대회(WWDC)에서 해당 기기와 관련된 일부 정보가 공개될 수 있으리라고 전망했다. 블룸버그 보도에 따르면 애플 개발자들은 MR 헤드셋에 최적화된 소프",테크기기,정두용,2022.05.20 11:01
47,"메타, 차세대 AR·VR 헤드셋 출시하나…“9월 공개 예정”",/news/articleView.html?idxno=44139,"메타가 ‘프로젝트 캄브리아(이하 캄브리아)’로 알려진 차세대 가상현실·증강현실(VR·AR) 헤드셋을 올해 공개할 것으로 예상된다.2일(현지시간) IT 전문매체 은 메타 사내 로드맵에 따르면 캄브리아가 올해 9월 출시될 수 있다고 보도했다. 메타 내부에서는 캄브리아에 대해 “얼굴을 위한 노트북, 크롬북”으로 묘사한다고 전했다. 앞서 마크 저커버그 메타 최고경영자(CEO)는 지난 1분기 실적 발표에서 “캄브리아가 노트북 등의 업무용 기기를 대체하게 될 것”이라고 강조한 바 있다. 또 보도에 따르면 캄브리아는 안드로이드 체",테크기기,최경미,2022.05.03 09:30
48,"아마존, '음성인식' 알렉사로 수집한 자료 '표적 광고'에 썼다",/news/articleView.html?idxno=44113,아마존이 음성인식 기술인 알렉사와 스마트 스피커 에코를 통해 수집한 목소리 데이터를 자사 플랫폼과 웹사이트에서 표적 광고를 싣는데 사용한다는 의혹이 제기됐다. 미국 워싱턴대학교·데이비스 캘리포니아 대학·어바인 캘리포니아 대학·노스이스턴 대학 연구진이 최근 발표한 보고서에 따르면 아마존은 알렉사와 에코를 통해 얻은 이용자 정보를 최대 41개의 광고 업체와 공유하는 것으로 나타났다. 연구진은 사용자의 관심사가 반영된 이 자료가 표적 광고에 활용되며 광고주는 이 데이터를 확보하기 위해 보통 광고비에 비해 수십 배 높은 가격 오퍼를 한다고,테크기기,최경미,2022.04.30 14:00
49,"폭스콘, 중국 내 코로나19 확산에 아이폰 공장 가동 멈췄다",/news/articleView.html?idxno=43532,중국의 ‘실리콘 밸리’로 불리는 광둥성 선전시가 전면 봉쇄되며 아이폰 제조 시설 가동이 일시 중단됐다. 중국에서 약 2년 만에 최대 규모의 확진자가 나오자 당국이 대도시들을 봉쇄해 전 세계 공급망 차질이 우려되고 있다. 14일(현지시간)  통신에 따르면 애플 공급업체인 대만 폭스콘이 선전 공장을 중단했다.폭스콘은 추후 공지가 있을 때까지 선전 공장 가동이 잠정 중단되며 피해를 최소화하기 위해 예비 공장들을 가동할 계획이라고 밝혔다. 의 소식통은 선전시에 있는 폭스콘과 자회사 공장 가동이 금주 중반까지 중단된다고 전,테크기기,최경미,2022.03.15 10:01
50,"애플, iOS 15.4 출시…마스크 쓰고도 ‘아이폰 잠금해제’ 된다",/news/articleView.html?idxno=43530,애플이 마스크를 착용한 상태에서 아이폰 잠금을 해제할 수 있는 새 운영체제를 출시했다. 14일(현지시간) IT 전문매체 에 따르면 애플은 해당 기능을 추가한 iOS 15.4를 출시했다. 이번 업그레이드를 통해 안경을 쓴 상태에서 페이스ID를 등록하는 기능도 추가됐다. 애플은 업그레이드된 페이스ID가 마스크·안경을 착용한 사용자의 눈 주변 특징을 포착해 얼굴을 인식할 수 있다고 설명했다. 선글라스 착용시에는 얼굴 인식이 불가능하다. 이 기능은 ‘설정’ 앱에서 ‘페이스ID 및 패스코드’ 항목에서 ‘마스크 쓴 채로 페이스ID’를,테크기기,최경미,2022.03.15 07:57
51,3년 만에 돌아온 MWC…삼성 갤럭시북·중국 스마트폰 신작 '주목',/news/articleView.html?idxno=43350,오는 28일(이하 현지시간)부터 3월 3일까지 스페인 바르셀로나에서 세계 최대 모바일 박람회 ‘모바일월드콩그레스(MWC)’가 '연결성의 촉발(Connectivity Unleashed)’이라는 주제로 개최된다. 코로나19가 확산하기 시작한 후 3년 만에 오프라인으로 정상적으로 진행되는 만큼 많은 기업들이 주요 제품과 서비스를 소개할 것으로 기대된다. 27일(현지시간) IT 전문매체 는 지난 몇 년간 MWC는 5세대(5G) 이동통신 인프라와 폴더블 스마트폰에 관심이 쏠렸지만 올해는 삼성전자의 노트북 신제품 공개와 중국 스마트폰,테크기기,최경미,2022.02.28 08:39
52,시선 추적' 가능한 플스·애플 VR 헤드셋 향한 기대와 우려의 시선,/news/articleView.html?idxno=43345,올해 ‘플레이스테이션 VR2’와 메타의 혼합현실(MR) 헤드셋 ‘프로젝트 캠브리아’를 포함한 다수의 가상현실(VR) 기기가 출시될 예정이다. 또 애플이 수년간 개발해온 것으로 알려진 증강현실(AR)·VR 헤드셋도 최근 생산 테스트를 완료하며 올해 출시를 준비 중이라는 해외 보도가 나오기도 했다. IT 전문매체 은 이 모든 기기에는 공통적으로 ‘시선 추적’ 기능이 탑재될 것이라고 전했다. 지금까지 이 기술은 주로 비즈니스용 VR 헤드셋에 탑재되어 일반 사용자를 대상으로 판매하는 제품에는 포함되지 않았다. 시선 추적 기술이 탑재,테크기기,최경미,2022.02.27 17:00
53,"스마트 헤드셋 개발에 속도내는 업계, 그 사이 유독 조용한 삼성전자",/news/articleView.html?idxno=42929,2022년은 AR(증강현실)과 VR(가상현실) 기술에 중요한 해가 될 것으로 전망된다. 최근 구글이 AR 헤드셋 개발에 속도를 내고 있고 애플은 올해 또는 내년에 스마트 헤드셋을 출시한다는 소식이 전해지고 있다. 그 외에도 수많은 IT기업들이 스마트 글래스 기술 개발에 뛰어들고 있고 최근 막을 내린 ‘국제전자제품박람회(CES) 2022’에서도 스마트 글래스와 관련된 기술이 공개됐다. 이런 가운데 AR·VR 분야에서 이상하리만치 조용한 회사가 있다. 바로 삼성전자다. IT전문매체 은 삼성전자가 2014년에 VR 기기,테크기기,최경미,2022.01.22 13:45
54,"애플, AR·VR 기기 출시 준비 ‘한창’…메타 임원 영입",/news/articleView.html?idxno=42593,"애플이 가상·증강현실(VR·AR) 사업을 확장하고 있는 신호가 곳곳에서 관측되고 있다. 최근엔 메타(옛 페이스북)의 AR 담당 임원을 영입한 것으로 알려졌다. ‘VR·AR HMD(헤드셋 방식의 디스플레이 기기)’의 출시를 염두에 둔 행보라는 해석이 나온다.IT 전문지 는 26일(현지시간) 블룸버그의 마크 거만이 작성한 소식지 소식을 인용해 이같이 보도했다. 보도에 따르면 애플이 영입한 안드레아 슈베르트(Andrea Schubert)는 메타에서 약 6년간 활동한 인사로, 현재 AR 제품의 커뮤니케이션·홍보 책임자 직책을 맡았",테크기기,정두용,2021.12.27 12:58
55,우여곡절 '애플카' 프로젝트…이번에는 끝장 볼까,/news/articleView.html?idxno=42188,지난 9월 책임자의 이탈로 빨간불이 켜진 애플카 프로젝트가 재출발을 준비 중이다. 테슬라의 자율주행 전문가를 영입하고 애플 실리콘 팀에선 애플카를 위한 자체 칩 개발이 순조롭게 이뤄지고 있다는 소식이다. 소문대로 2025년에는 정말 애플 로고를 단 차량이 도로를 누비게 될까.일명 '프로젝트 타이탄'으로 알려진 애플의 자율주행 전기차 개발 연구는 그간 수많은 우여곡절을 겪었다. 프로젝트가 시작된 건 2014년이다. 그 해는 테슬라가 초보적인 수준의 자율주행 시스템 '오토파일럿'을 공개하고 구글도 자율주행 연구 프로젝트(현재 웨이모)를,테크기기,이건한,2021.11.20 09:42
56,홈팟 미니'로 새 판 짜는 애플...AI 스피커 존재감 반전 노리나,/news/articleView.html?idxno=41823,"글로벌 인공지능(AI) 스피커 시장에서 한자릿수 점유율로 고전하던 애플이 '홈팟 미니'와 '애플뮤직' 생태계 연동을 통한 존재감 반등에 나설 것으로 보인다.19일(한국시간) 애플 스페셜 이벤트에 등장한 제품 가운데 홈팟 미니는 신규 색상 3종을 제외하면 지난해 동일한 모습으로 소개돼 의문을 자아냈다. 해당 이벤트는 애플이 주로 신제품을 선보이는 자리지만 이날 애플은 홈팟 미니에 대해 디자인이 얼마나 아름다운지, 이를 활용한 멀티 룸 오디오 구성이 얼마나 편리한지 약 3분에 걸쳐 강조했을 뿐이다.단순 행사 내용만으론 애플이 신제품 공",테크기기,이건한,2021.10.19 18:21
57,애플 유저들은 잠 못 드는 밤...19일 기대되는 '네 가지 이슈',/news/articleView.html?idxno=41809,"애플이 10월 18일(현지시각), 한국 시각으론 19일 오전 2시 ‘봉인해제’(Unleashed)라는 이름의 행사를 연다. ‘아이폰13’ 시리즈를 공개했던 지난 9월에 이어 약 한 달 만에 또 한 번의 대형 공개가 될 것으로 기대된다. 애플의 새로운 맥북과 ‘M1X’(가칭) 칩이 등장할 개연성이 보이기 때문이다.는 애플의 이벤트를 앞두고 지금까지 예상되거나 유출된 다양한 소식들을 정리해봤다. 주목할 부분은 총 다섯 가지로, 하나하나가 모두 굵직한 내용이다. 애플 사용자들에게 18일 새벽은 잠 못 드는 밤이 될 것이다.① ‘",테크기기,이일호,2021.10.18 18:13
58,갤럭시워치4 vs 애플워치7…명품 입고 헬스케어 기능 ‘방점’,/news/articleView.html?idxno=41692,"삼성전자와 애플이 스마트워치 시장에서 맞붙는다. 양사 모두 명품 브랜드와 협업하고, 헬스케어 기능을 대폭 향상하는 등 ‘제품 매력’ 높이기에 집중하고 있는 모양새다.9일 애플에 따르면 애플워치7 시리즈가 국내에서 오는 15일부터 정식 판매된다. 온라인 채널 등을 통한 주문 접수는 전일 시작됐다. 애플은 그간 우리나라를 스마트폰 등 주요 제품의 1차 출시국에서 제외해왔으나, 이번 제품에선 중요도를 높였다. 애플워치7 시리즈의 1차 출시국은 우리나라를 비롯해 미국·중국·일본·인도·영국·프랑스·호주 등 약 50개국이 선정됐다.애플이 ‘삼",테크기기,정두용,2021.10.09 15:00
59,"엔리얼, 더 가벼워진 'AR 안경' 연내 한국 출시...대중화 성공할까",/news/articleView.html?idxno=41655,"중국 스마트 글라스 스타트업 엔리얼(Nreal)이 더 가벼워진 증강현실(AR) 안경을 올해 안에 한국에 출시한다. 엔리얼은 지난해에도 국내에 AR 안경을 선보인 바 있는데, 전작보다 개선된 모델을 내보이는 만큼 AR 안경 대중화를 이룰 수 있을지 관심이 집중된다. 최근 미국 IT전문매체 는 엔리얼이 새로운 모델 '엔리얼 에어(Air)'을 선보일 계획이라고 밝혔다. 영상을 3차원으로 감상하게 해 주는 AR 안경이다.엔리얼 에어는 초소형 유기발광다이오드(OLED) 디스플레이에 90Hz(헤르츠)",테크기기,황금빛,2021.10.03 14:23
60,스마트폰 놓지 못하는 MS…안드로이드와 연합 생태계 만든다,/news/articleView.html?idxno=41557,"윈도폰으로 씁쓸한 실패를 맛봤던 마이크로소프트(MS)가 스마트폰 시장을 다시 두드리고 있다. 구글의 모바일 운영체제(OS) 안드로이드 기반의 폴더블폰(접을 수 있는 스마트폰)을 통해서다.MS는 22일(미국 현지시간) 온라인 행사를 열고 폴더블폰 '서피스 듀오2', 태블릿 PC '서피스 프로8' 등의 신제품을 공개했다.서피스 듀오2는 지난해 9월 출시된 서피스 듀오에 비해 특히 하드웨어 측면에서 많은 변화가 엿보인다. 전작은 전면 카메라 1개만 배치돼 반대 방향을 촬영하기 위해선 디스플레이를 뒤로 돌려야 했다. 신작은 후면에 망원·초",테크기기,강승혁,2021.09.23 16:16
61,"드림텍, 전장 정리하고 의료 기기 ‘승부수’…사업효율화 속도",/news/articleView.html?idxno=41499,"드림텍이 의료 기기 산업에 ‘승부수’를 띄웠다.드림텍은 14일 전장(전자장비) 사업을 일부 정리해 마련된 재원을 의료 산업에 투자하는 ‘초강수’를 뒀다. 이는 의사결정 효율화·신규 브랜드 론칭에 이어 나온 의료 산업 강화 전략이다.드림텍은 이날 자회사 ‘드림텍오토모티브’를 매각하고, 스마트 의료기기 등 신규사업 및 핵심사업 경쟁력 강화에 나선다고 밝혔다. 드림텍오토모티브의 지분 전량(1000만주)을 에스맥 주식회사에 매각한다. 이에 따라 경영권도 에스맥에 넘어갔다. 드림텍이 보유한 드림텍오토모티브 지분은 100%다. 매각 대금은 2",테크기기,정두용,2021.09.14 21:20
62,"20주년 LG 트롬, 시간 지나도 변함없는 ‘사용자 중심’ 가치관",/news/articleView.html?idxno=41457,1969년 국내 세탁기 시장이 열렸다. LG전자 전신 금성사가 제작한 백조세탁기(모델명:WP-181)가 주인공이다. 한국 세탁기 역사는 올해 20주년을 맞은 ‘LG 트롬(TROMM)’이 이어받았다.‘기술력’으로 고객 불편 해결한 트롬트롬은 출시와 동시에 시장의 주목을 독차지했다. 고객이 불편을 느끼는 지점을 정확히 캐치해 개선했기 때문이다. LG전자는 트롬에 다이렉트 드라이브 시스템(DD 모터)를 적용했다. DD모터는 벨트와 풀리 등 부품을 이용하는 일반 모터와 달리 세탁조와 모터가 직접 연결돼 있어 에너지 손실을 줄일 수 있다.,테크기기,최창원,2021.09.13 09:45
63,1㎜ 확대의 변화'…애플워치7 정말 더 커질까,/news/articleView.html?idxno=41326,"애플이 새로 출시하는 애플워치7의 화면을 더 크게 만들 것이란 추측과 전망이 나오고 있다. 29일(현지시간) 미국의 IT 미디어 ‘더 버지’에 따르면 애플워치7의 케이스 사이즈는 기존 40㎜와 44㎜에서 각각 1㎜ 확대된 41㎜와 45㎜의 크기로 출시될 가능성이 점쳐진다. 미국의 다양한 IT 매체에 따르면 애플워치7은 평면 모서리, 평면 화면, 얇은 베젤, 더 많은 색상 등 전체적인 재설계에 초점이 맞춰질 것으로 전망된다. 이전 모델 대비 더 빠른 프로세스와 신기술 탑재 등 성능 측면에서의 변화도 기대되고 있다. 애플은 지난해 9월",테크기기,김성진,2021.08.30 08:26
64,‘더 가벼워진’ 소니 PS5 새 모델…냉각장치 크기 줄었다,/news/articleView.html?idxno=41325,"이달 초 호주, 일본, 미국 일부 지역에 PS5 신모델이 등장하기 시작했다. 스탠드 디자인이 새로워지고 무게가 크게 줄어들었다. 유튜버 오스틴 에반스(Austin Evans)가 PS5를 해체한 영상에 따르면 새로운 PS5의 중량감소는 냉각을 돕는 장치 히트싱크(Heatsink)의 부피가 줄어든 탓이다.29일(미 현지시간) 테크기기 매체 더 버지(The Verge)는 에반스의 영상을 소개하며 새로운 히트싱크는 기존 장치보다 훨씬 작으며 300그람이 줄어들었다. 소니가 PS5 초기에 히트싱크를 교체한 이유는 분명하지 않다. 다만 에반스",테크기기,김성진,2021.08.30 07:58
65,"‘어디서든 터진다’…아이폰 13, 저궤도 위성통신 탑재 가능성",/news/articleView.html?idxno=41324,애플이 곧 출시할 예정인 아이폰 13 모델에 새로운 무선 기술을 추가할 것이라는 추측이 나오고 있다. 29일(현지시간) 미국 엔가젯(Endgadget) 보도에 따르면 그동안 애플의 신제품 사양을 높은 정확도로 예측해온 궈밍지 대만 TF인터내셔널 증권 애널리스트는 아이폰 13 모델이 저궤도(LEO) 위성통신 모드를 탑재할 것이라고 밝혔다. 위성통신 모드가 탑재될 경우 사용자는 4G·5G 기지국 권역에 속하지 않더라도 메시지를 보내고 통화할 수 있게 된다. 블룸버그는 2019년부터 애플이 위성 기술을 이용해 아이폰에 데이터를 전송하는,테크기기,김성진,2021.08.30 07:34
66,"삼성전자, 구글 '픽셀폰'에 5G 모뎀 기술 넣나",/news/articleView.html?idxno=41279,"구글이 최근 공개한 스마트폰 ‘픽셀’에 삼성전자의 5G 모뎀 기술을 활용한다는 외신 보도가 나왔다. 구글의 픽셀폰 애플리케이션 프로세서(AP)인 ‘텐서’(Tensor) 시스템온칩(SoC)에 삼성전자가 상당 부분 관여하는 것으로 보여 사실 여부가 주목된다.‘로이터’ 등 외신은 25일(현지시각) 새로운 픽셀폰에 삼성전자의 5G 모뎀을 쓰는 것을 확인했다고 보도했다.앞서 구글은 자체 개발 스마트폰 AP인 텐서를 탑재한 픽셀6, 픽셀6 프로 스마트폰을 공개한 바 있다. 발표 당시 구글은 이 칩이 스마트폰 AP 시장을 장악하고 있는 퀄컴으로",테크기기,이일호,2021.08.26 07:56
67,"삼성전자, PIM 기술 활용해 메모리 생태계 확장 박차",/news/articleView.html?idxno=41239,삼성전자가 인공지능(AI)을 메모리 반도체 제품군에 활용하고 있다. 차세대 메모리 생태계를 확장하겠다는 계획이다. 삼성전자 측은 AI 엔진을 활용하면 기존 제품보다 2배 이상의 성능을 기대할 수 있다고 설명했다. 삼성전자는 24일 차세대 반도체 기술을 공개하는 핫칩스(Hot chips) 학회에서 PIM 기술을 적용한 다양한 제품과 응용사례를 소개했다고 밝혔다. PIM은 메모리 내부에 연산 작업에 필요한 AI 프로세서 기능을 더한 지능형 반도체다. 구체적으로 D램 모듈에 AI 엔진을 탑재한 ‘AXDIMM(Acceleration DIM,테크기기,최창원,2021.08.24 11:11
68,"SK㈜, 머티리얼즈 흡수합병…반도체 특수가스 성장 가속화",/news/articleView.html?idxno=41209,SK그룹 지주사 SK㈜가 반도체 특수가스 사업을 영위하는 자회사 SK머티리얼즈를 흡수합병하기로 결정했다. SK머티리얼즈는 SK㈜와 합병에 앞서 지주사와 사업회사로 단순 물적분할하고 지주사만 SK㈜와 합병하는 방식이다. 반도체 특수가스 사업 경쟁력을 강화하기 위한 전략으로 분석된다.합병 통한 반도체 특수가스 성장 가속화20일 SK㈜는 SK머티리얼즈를 흡수합병한다고 공시했다. SK㈜가 합병신주를 발행해 SK머티리얼즈 기존 주식과 교환하는 방식으로 진행될 예정이다. SK머티리얼즈 보통주 1주당 SK㈜ 보통주 1.5778412주가 배정된다,테크기기,김성진,2021.08.20 18:36
69,"삼성전자, 17일부터 ‘갤럭시 Z 폴드·플립3’ 사전예약...27일 공식출시",/news/articleView.html?idxno=41143,"삼성전자가 이달 17일부터 23일까지 폴더블폰 ‘갤럭시 Z폴드3’와 ‘갤럭시 Z플립3’, 스마트워치 ‘갤럭치 워치4’ 시리즈, 무선이어폰 ‘갤럭시 버즈2’ 사전예약을 진행한다. 공식 출시는 27일이다. 사전예약 고객은 이보다 앞선 24일부터 제품을 수령하고 개통할 수 있다.사전예약 이후 오는 27일까지 개통을 마친 고객에게는 다양한 혜택이 제공된다. 우선 갤럭시 Z폴드3·Z플립3 사전예약 시 ▷무선이어폰 갤럭시 버즈2 ▷모바일 기기 토탈 케어 서비스 ‘삼성 케어 플러스’ 파손보장형 1년권이 지원된다. 폴더블폰 파손 보장 2회, 수리",테크기기,김인경,2021.08.16 12:38
70,"클림트 '키스'를 4K로...삼성전자, '더 프레임' 구독경제 마케팅",/news/articleView.html?idxno=41140,삼성전자는 15일 오스트리아 벨베데레 미술관(Belvedere Museum)과 함께 오스트리아 거장들의 작품을 자사 라이프스타일 TV ‘더 프레임(The Frame)’을 통해 선보였다고 밝혔다.작품은 구스타프 클림트(Gustav Klimt)의 ‘키스(The Kiss)’ 및 ‘유디트(Judith)’와 에곤 실레(Egon Schiele)의 ‘죽음과 소녀(Death and the Maiden)’ 등 벨베데레의 대표 작품 17점으로 더 프레임 전용 작품 구독 서비스 앱 ‘아트 스토어’에 포함됐다.‘아트 스토어’에는 클림트 작품을 비롯해 오,테크기기,이일호,2021.08.15 12:30
71,"자율주행용 MLCC 공개한 삼성전기, 日무라타 점유율 공략한다",/news/articleView.html?idxno=41106,"삼성전기가 자동차 자율주행용 적층세라믹캐패시터(MLCC)를 선보였다. MLCC 점유율에서 일본 무라타에 이어 세계 2위인 삼성전기는 전장에서 경쟁력 있는 제품을 내놓으며 시장 점유율 확대를 노린다.삼성전기는 12일 ADAS(Advanced Drive Assist System·첨단운전자보조시스템)에 탑재되는 전장용 MLCC 2종을 개발했다고 밝혔다. ADAS는 자율주행 운전 중 차선이탈방지(LKAS), 써라운드뷰모니터(SVM), 스마트크루즈컨트롤(SCC) 등 차가 스스로 판단해 하드웨어를 제어하는 시스템으로 자율주행차의 안전운행에 필",테크기기,이일호,2021.08.12 08:41
72,“수업환경에 최적화” 네이버 ‘웨일북’ 첫 공개,/news/articleView.html?idxno=41072,"네이버가 올해 하반기 출시 예정인 교육용 스마트 디바이스 ‘웨일북’의 공식홈페이지를 10일 열고 기능·외형 등을 공개했다.이날 네이버는 웨일북을 공개하면서 “교육현장의 목소리를 반영했다. 특히 전국 10곳의 시·도 교육현장에서 활용 중인 교육용 플랫폼 ‘웨일 스페이스’의 편리함을 극대화하는 데 초점을 뒀다”고 설명했다. 예를 들어 교사는 웨일 스페이스의 ‘수업관리’ 기능을 통해 학생의 화면을 살펴보면서 문제풀이 과정을 확인할 수 있다. 모범답안을 작성한 학생이나 교사의 화면을 전체공유해 해답을 보여주거나, 참고자료를 각 화면에 띄워",테크기기,김인경,2021.08.10 12:12
73,"삼성전자, 5나노 기반 ‘웨어러블용 프로세서’ 출시...갤워치4 시리즈 적용",/news/articleView.html?idxno=41066,"삼성전자가 10일 새로운 웨어러블 기기용 프로세서 ‘엑시노스 W920'을 출시했다고 밝혔다. 웨어러블 기기용 프로세서로는 처음으로 5nm(나노미터, 10억분의 1m) EUV 공정이 적용됐된 엑시노스 W920은 갤럭시워치4 시리즈에 탑재될 예정이다.삼성전자는 엑시노스 W920에 ARM의 저저력 ‘코어텍스 A55' CPU 코어와 ’말리 G68' GPU 코어를 적용했다. CPU 성능이 이전 제품과 비교해 약 20% 개선됐고 그래픽 성능도 최대 10배 이상 향상될 것으로 기대하고 있다.저전력 디스플레이용 '코어텍스 M55'도 탑재됐다. A",테크기기,최창원,2021.08.10 11:00
74,"LG전자, 영국 웸블리스타디움에 초대형 LED사이니지 설치",/news/articleView.html?idxno=41051,"LG전자는 9일 영국 웸블리 스타디움(Wembley Stadium)에 초대형 LED 사이니지를 설치했다고 밝혔다. LG전자의 사이니즈는 가로 약 57m, 세로 7.5m 규모다. 메인 전광판 양옆으로는 가로 약 19m, 세로 11m 크기 전광판 2개를 각각 설치했다. 전체 전광판 면적은 총 840제곱미터(㎡)로 농구장 두 개를 합한 면적과 비슷하다.이 제품은 앞뒤가 뚫려 있어 전광판 화면 뒤에서도 경기장 바깥 풍경을 바라보는 관람객의 시야를 방해하지 않는다고 LG전자는 설명했다.LG전자는 메인 전광판뿐만 아니라 관람객 대상 안내와 광",테크기기,이일호,2021.08.09 10:40
75,"LG전자, 한정판 ‘그램 블랙라벨’ 출시...출하가 319만원",/news/articleView.html?idxno=41008,LG전자는 5일 자사 노트북 브랜드 ‘LG 그램(gram)’의 한정판 제품 ‘LG 그램 블랙 라벨(Black label)’을 출시한다고 밝혔다.제품엔 인텔 11세대 타이거레이크 i7-1195G7이 들어가며 그래픽카드는 인텔 내장 그래픽 프로세서(아이리스Xe)가 탑재됐다. 디스플레이는 16:10 화면비의 WQXGA(2560x1600) IPS 디스플레이가 탑재됐고 디지털 영화협회(DCI) 표준 색 영역 DCI-P3를 99% 충족했다.램은 온보드 방식의 LPDDR4x 32GB이며 저장장치는 1TB MNVMe SSD에 슬롯 1개가 추가된다,테크기기,이일호,2021.08.05 10:13
76,"삼성전자 무풍에어컨, 해외 매출 전년比 75% 증가",/news/articleView.html?idxno=40964,삼성전자가 올해 상반기 해외 시장에서 가정용 무풍에어컨 매출이 전년 동기 대비 75% 이상 증가했다고 2일 밝혔다. 2016년 처음 선보인 무풍에어컨은 에어컨 바람이 직접 피부에 닿지 않는 게 특징이다. 무풍에어컨은 해외 80개국에서 윈드프리(WindFree)라는 이름으로 판매되고 있다. 삼성전자는 판매 국가를 향후 90개국으로 확대할 방침이다. 삼성전자는 북미와 유럽 지역 매출 성장세가 눈에 띈다고 강조했다. 삼성전자가 올해 상반기 북미 및 유럽지역에서 판매한 에어컨 매출액 중 40% 이상이 윈드프리 제품 판매로 벌어들인 돈이다.,테크기기,최창원,2021.08.02 11:01
77,"LG전자, 탈모치료기기 고객 체험 공간 늘린다",/news/articleView.html?idxno=40955,탈모 치료 시장에 진출한 LG전자가 자사 치료 기기의 고객 경험 공간을 늘린다.LG전자는 1일 프라엘 메디헤어 체험 공간을 전국 200개 LG베스트샵 매장으로 순차 확대한다고 밝혔다.LG전자는 지난해 말부터 전국 LG베스트샵 주요 매장에 프라엘 메디헤어 체험공간을 운영해 왔다. 지난 5월 초 기준으로 전국 40여 개 수준이던 체험공간을 최근 100개로 늘린 데 이어 추가 확대한다는 계획이다.고객은 LG전자 홈페이지 내 LG 프라엘 메디헤어 체험존 방문 예약 페이지에 들어가 가까운 체험형 매장을 검색하고 원하는 시간에 체험 예약을 할,테크기기,이일호,2021.08.01 11:17
78,"삼성전자, 미니LED 게이밍모니터 출시...출고가 240만원",/news/articleView.html?idxno=40891,"삼성전자가 게이밍 모니터에 미니 LED를 적용한 ‘오디세이 Neo(Odyssey Neo) G9’를 국내를 포함한 전 세계 주요 시장에 29일 출시한다.오디세이 Neo G9(모델명 S49AG950)는 49형 크기에 1000R 곡률, 32:9 울트라 와이드 화면비, 듀얼 QHD(5120x1440) 해상도를 갖춘 제품이다. 기존 LED 대비 40분의 1(높이 기준) 크기로 작아진 ‘퀀텀 미니 LED’를 광원으로 쓰며 삼성의 화질 기술인 ‘퀀텀 매트릭스’와 ‘퀀텀 HDR 2000’을 탑재했다.퀀텀 매트릭스는 화면의 밝기를 4096단계(12",테크기기,이일호,2021.07.27 11:45
79,"LG전자, 무선이어폰 신작 ‘톤 프리’ 3종 출시..16만9000원부터",/news/articleView.html?idxno=40866,"LG전자는 26일 무선이어폰 ‘톤 프리(TONE Free)’ 신제품 3종을 출시한다고 밝혔다.톤 프리엔 액티브 노이즈 캔슬링(ANC) 기능이 탑재됐고 세계적 음향 회사 메리디안 사와 합작해 프리미엄 사운드를 담았다. 진공판은 합성섬유(Nomex) 소재를 실리콘 소재로 둘러 저음을 강조했다.신제품 중 ‘TONE-TFP9’에는 플러그&와이어리스(Plug&Wireless) 기능을 탑재했다. 블루투스 기능이 없는 기기에서도 충전 크래들을 멀티미디어 단자와 연결해 무선이어폰을 사용할 수 있도록 해준다. 비행기에서 제공하는 영상을 볼 때, 러",테크기기,이일호,2021.07.26 10:00
80,"TV플랫폼 리더십 노리는 LG전자, ‘스탠바이미’로 MZ세대 잡을까",/news/articleView.html?idxno=40851,"스마트폰을 대체할 플랫폼으로 TV를 선택한 LG전자가 새로운 형태의 TV ‘스탠바이미’(Stand By Me)를 선보였다.LG전자는 지난 21일 LG 스탠바이미 예약판매를 통해 사전 물량 300대를 완판했다고 밝혔다. 온라인브랜드샵에서 라이브방송으로 사전 물량 200대를 팔았고, 같은 날 쿠팡에서도 준비 물량 100대를 소화했다.이 제품은 제품 하단에 바퀴가 달린 ‘무빙 스탠드’ 디자인이다. 집안 다양한 장소에 옮기며 쓸 수 있고 배터리가 탑재돼 전원 연결 없이 최장 3시간 쓸 수 있다. 27형 화면은 터치 스크린이 지원되며 좌우를",테크기기,이일호,2021.07.23 11:56
81,"삼성전자, 마이크로LED 기반 상업용 디스플레이 출시",/news/articleView.html?idxno=40770,삼성전자가 마이크로 발광다이오드(LED) 기반 상업용 디스플레이 ‘더 월(The Wall)'을 19일 출시한다고 밝혔다. 마이크로LED는 100마이크로미터(㎛) 이하의 초소형 LED다. 유기발광다이오드(OLED)와 비교해 수명·신뢰성·속도 등에서 우수하다고 평가받는다. 삼성전자는 신제품에 △마이크로 AI 프로세서 탑재 △40% 작아진 신규 소자 적용 △초대형·초고화질 사양 탑재 등 3가지 특징이 있다고 설명했다.마이크로 AI프로세서는 영상을 신제품에 적합한 최적의 화질로 조정한다. 작아진 신규 소자는 계조 표현의 품질을 높였다. 계,테크기기,최창원,2021.07.19 11:00
82,삼성전자 '갤럭시 탭 S7 FE' 출시...출고가 69만9600원부터,/news/articleView.html?idxno=40762,삼성전자가 ‘갤럭시 탭 S7 FE'를 국내에 정식 출시한다고 18일 밝혔다. 출고가는 모델에 따라 69만9600원부터 84만400원이다. 삼성전자는 오는 19일부터 사전 예약을 실시한다. 갤럭시 탭 S7 FE는 일종의 보급형 태블릿 모델이다. 114만원부터 가격이 책정되는 갤럭시 탭 S7+보다 저렴한 가격에 태블릿을 경험할 수 있다. 제품은 64기가바이트(GB)와 128GB 모델로 출시된다. 64GB 모델은 롱텀에볼루션(LTE)을 지원하고 △미스틱 그린 △미스틱 핑크 △미스틱 실버 등 3가지 색상으로 구성된다. 가격은 69만9600,테크기기,최창원,2021.07.18 11:23
83,"애플, 애플워치용 밴드·페이스 '애국심 에디션' 출시",/news/articleView.html?idxno=40515,"애플이 애플워치용 신규 인터내셔널 컬렉션 밴드를 선보인다. 이번 컬렉션에는 22개 국가를 상징하는 국기 디자인, 색상 조합을 본 따 만들어진 한정판 스포츠 루프 밴드가 포함된다. 또 각 밴드와 어울리는 스프라이트 패턴 시계 페이스도 함께 제공된다.밴드는 부드럽고 통기성이 뛰어난 소재로 제작됐다. 대상 국가는 한국을 포함해 △오스트레일리아 △벨기에 △브라질 △캐나다 △중국 △덴마크 △프랑스 △독일 △영국 △그리스 △이탈리아 △자메이카 △일본 △멕시코 △네덜란드 △뉴질랜드 △남아공 △스페인 △스웨덴 △미국이다.애플은 해당 에디션으로 사",테크기기,이건한,2021.06.30 10:28
84,"LG전자, ‘QNED MiniLED TV’ 출시..319만원부터",/news/articleView.html?idxno=40514,"LG전자는 30일 미니 LED를 적용한 프리미엄 LCD TV ‘LG QNED 미니(Mini)LED’(이하 QNED TV)를 본격 출시한다고 밝혔다.제품은 해상도(8K·4K), 크기(86·75·65형), 사양에 따라 3개 시리즈의 모델로 구분된다. 국내 모델 기준으로는 7종이다. 이번 주 북미 주요 유통업체 공급을 시작으로 일본, 유럽, 한국 등 글로벌 주요 시장에 제품을 순차 출시한다.QNED TV의 국내 출하가는 8K 제품의 경우 509만~1680만 원, 4K는 319만~820만 원이다.QNED TV는 미니 LED 광원과 독자 고",테크기기,이일호,2021.06.30 10:01
85,"LG 올레드 TV, 4K·120Hz에 ‘돌비비전 게이밍’ 지원",/news/articleView.html?idxno=40494,"LG전자는 29일 자사 올레드(OLED) TV의 4K(3840x2160) 120Hz 주사율에서 ‘돌비비전 게이밍(Dolby Vision Gaming)’을 지원한다고 밝혔다.돌비비전 게이밍은 영상·음향기술 브랜드 돌비(Dolby)가 선보인 게이밍 특화 영상처리기능이다. 올레드 TV는 입체음향기술 ‘돌비 애트모스’와 함께 돌비비전 게이밍을 동시에 지원하게 됐다.LG전자는 최근 소프트웨어 업데이트를 통해 2021년형 올레드 TV 주요 제품(G1·C1)에서 4K·120Hz 돌비비전 게이밍 기능 지원을 시작했다. LG전자는 2021년형, 2",테크기기,이일호,2021.06.29 11:00
86,"게이밍모니터 '돈' 된다..삼성전자, 오디세이 신제품 3종 선보여",/news/articleView.html?idxno=40361,삼성전자와 LG전자 등 국내 IT기업들이 게이밍 모니터 신제품을 속속 내놓고 있다. 집에서 게임을 하는 인구가 늘면서 게이밍 모니터 시장이 빠르게 커지고 있기 때문이다.삼성전자는 21일 게이밍 모니터 신제품 ‘오디세이(Odyssey)’ 4종을 국내를 포함한 전 세계 주요 시장에 출시한다고 밝혔다.오디세이 G70A(28형)는 오디세이 최초로 UHD(3840x2160) 해상도를 갖춘 평면 광시야각 패널을 적용했다. GTG(밝은 회색에서 어두운 회색으로 넘어가는 시간) 기준 1ms 응답속도와 144Hz 주사율을 갖췄다. 최고 밝기는 40,테크기기,이일호,2021.06.21 11:04
87,와이파이 망가뜨리는 아이폰 ‘버그’ 발견...원인은 핫스팟?,/news/articleView.html?idxno=40356,iOS에서 특정 문자열을 가진 와이파이(WiFi) 핫스팟에 연결되기만 하면 아이폰의 와이파이 기능이 손상되는 ‘버그’가 발견됐다. 미국 애플 전문매체인 는 19일(현지시간) 칼 스코(Carl Schou) 리버스 엔지니어의 주장을 인용해 iOS 기기에서 와이파이를 ‘망가뜨리는’ 이름 지정 버그가 발견됐다고 보도했다.버그가 발동될 경우 아이폰을 재부팅하거나 와이파이 핫스팟 이름이 바뀌어도 아이폰이 와이파이 연결을 할 수 없게 된다. 네트워크에 “% p % s % s % s % s % n”과 같은 SSID를 지정하면 아이폰,테크기기,김인경,2021.06.21 08:49
88,"삼성, 갤럭시Z플립3 양산 시작…“8월 말 출시 예정”",/news/articleView.html?idxno=40352,삼성전자의 새로운 스마트폰 갤럭시Z플립3가 본격적으로 양산에 들어갔으며 8월 중 관련 내용이 공개될 것이라는 전망이 나왔다. IT전문매체 폰아레나는 19일(이하 현지시각) IT기기 팁스터(내부 정보 유출가) 맥스 웨인바흐를 인용해 “지난 14일 삼성전자가 갤럭시Z플립3(갤플립3)의 대량 생산을 시작했다”고 보도했다. 이는 당초 업계가 7월 생산이 시작될 것이라는 예상과 비교해 빨라진 것이다. 또한 IT분석가 존 프로서는 19일 “삼성전자가 8월 3일 갤럭시 언팩 이벤트를 통해 갤럭시Z플립3와 Z폴드3를 발표할 예정”이라며 “삼성이,테크기기,김명상,2021.06.20 20:05
89,"델 테크놀로지스, '에일리언웨어 X' 시리즈 등 신작 게이밍노트북 3종 출시",/news/articleView.html?idxno=40333,"한국 델 테크놀로지스는 18일 게임 구현에 최적화된 고성능 게이밍 노트북 신제품 4종을 공개했다.이번에 발표한 신제품에는 프리미엄 게이밍 PC 브랜드 ‘에일리언웨어(Alienware)’의 새로운 라인업 ‘에일리언웨어 X 시리즈(Alienware X-Series)’와 인텔 11세대 코어 프로세서(타이거레이크-H) 기반 ‘에일리언웨어 m15 R6’, ‘델 G시리즈’ 게이밍 노트북이 포함됐다.새롭게 나온 에일리언웨어 X 시리즈는 델의 동급기 중 가장 얇으면서 새로운 냉각 기술이 적용됐다. 신제품은 15.6인치형(x15)와 17.3인치형(",테크기기,이일호,2021.06.18 13:57
90,"LG디스플레이, 국내 철도전시회에 55인치 투명OLED 선보여",/news/articleView.html?idxno=40295,"LG디스플레이는 6월 16~19일 부산 벡스코에서 열리는 ‘부산국제철도기술산업전’에 철도용 투명 OLED 패널을 선보인다고 밝혔다.부산국제철도기술산업전은 글로벌 철도 관련 업체 100여곳이 참가하는 국내 유일의 철도 관련 전문전시회다.이번에 공개한 55인치 투명 OLED 패널은 객실 창문을 대체할 수 있는 철도 특화 제품이다. 투명도 40%로 외부 풍경과 함께 운행 정보와 광고, 엔터테인먼트 콘텐츠를 볼 수 있다. 제품엔 특수 강화유리를 적용해 기존 패널 대비 충격과 진동에 강하다.앞서 LG디스플레이는 지난해부터 중국 베이징, 심천",테크기기,이일호,2021.06.16 10:00
91,"LG전자 ‘그램’, 美매체 노트북 배터리 지속시간 1위 선정",/news/articleView.html?idxno=40228,"LG전자는 11일 자사 노트북 브랜드 ‘그램’이 미국 컨슈머리포트로부터 최고의 배터리 수명을 가진 노트북(Laptops With the Best Battery Life)으로 선정됐다고 밝혔다.평가에선 5개 노트북이 선정됐으며, LG전자의 ‘그램 14’는 비교군 중 가장 높은 27시간 배터리 지속 시간을 기록했다. 그램 14는 인텔 11세대 타이거레이크가 탑재됐고 배터리 용량은 72Wh다.컨슈머리포트는 1936년 미국 비영리단체 ‘소비자연맹’이 창간한 소비자 전문 매체로 제품을 직접 구매해 자체 테스트를 진행한다.이번 노트북 배터리",테크기기,이일호,2021.06.11 12:48
92,"‘갤럭시 북 고’ 공개한 삼성전자, 애플 ‘M1’ 잡을 수 있을까",/news/articleView.html?idxno=40136,삼성전자가 ARM 윈도우10 기반 퀄컴 칩을 탑재한 노트북 ‘갤럭시 북 고’ 시리즈를 공개했다. 당초 지난 4월 ‘갤럭시 노트북 언팩’에서 선보일 것이란 예상과 다르게 대만 IT 박람회인 ‘컴퓨텍스(Computex) 2021’에서 제품을 공개한 것이다. 컴퓨텍스는 대만의 자국 최대 IT 연례행사이자 세계 5위급 전시행사이기도 하다. 공개된 제품은 ‘갤럭시 북 고’와 ‘갤럭시 북 고 5G’ 2종이다. 두 제품엔 각각 퀄컴의 스냅드래곤 애플리케이션 프로세서(AP)가 탑재됐다. 갤럭시 북 고 5G에는 지난해 만들어진 스냅드래곤 2세대 8,테크기기,이일호,2021.06.04 18:23
93,"신제품 없고, 중저가에 치이고…애플 '에어팟' 1Q 점유율 11% 감소",/news/articleView.html?idxno=40133,에어팟(Airpods) 시리즈를 앞세워 글로벌 무선이어폰 시장 1위를 수성 중인 애플의 2021년 1분기 시장 점유율이 전년 동기 대비 11% 감소한 것으로 나타났다. 1년 이상 신제품을 출시하지 않은 데다가 중저가 제품 수요가 늘어나면서 고가 제품군에 해당하는 에어팟 점유율이 하락한 것으로 풀이된다. 글로벌 시장조사업체 카운터포인트 리서치가 4일 발표한 2021년 1분기 전세계 무선이어폰 시장 보고서에 따르면 제품 총 판매량은 전년 동기 대비 44% 성장한 6400만대를 기록했다. 연말 성수기인 4분기 대비 약 12% 감소했지만,테크기기,이건한,2021.06.04 14:38
94,"엔비디아 ‘RTX 3080Ti’, 출시되지마자 국내외서 또 ‘완판’",/news/articleView.html?idxno=40127,엔비디아의 그래픽카드 ‘지포스 RTX 3080Ti’의 글로벌 초도물량 판매가 시작됐다. 지난 3일 첫 판매가 시작됐는데 대부분 판매 시작과 함께 완판되는 사태가 속출했다.‘더버지’(The Verge) 등 외신에 따르면 베스트바이와 뉴에그 등에서 팔리기 시작한 RTX 3080 Ti는 판매와 거의 동시에 매진됐다.앞서 지난 1일 엔비디아는 새로운 지포스 RTX 플래그십 모델인 RTX 3080Ti를 공개했다. 출고가 기존 1199달러(약 133만원)으로 RTX 3070 TI와 TRX 2070 슈퍼보다 1.5배 높은 성능을 내는 제품이다.,테크기기,이일호,2021.06.04 08:46
95,"삼성전자, '갤럭시 북 프로' 혁신기능 기존 모델에 제공",/news/articleView.html?idxno=39667,"삼성전자가 신제품 '갤럭시 북 프로(Galaxy Book Pro)'의 혁신 기능인 '스마트싱스(노트북으로 스마트홈 기기 제어)'와 '퀵쉐어(갤럭시 기기간 파일 공유 기능)' 등을 기존 갤럭시 북 시리즈에도 제공한다고 2일 밝혔다. 갤럭시 북 시리즈 이용자들은 앱스토어를 통해 신규 기능을 다운로드할 수 있다.삼성전자은 고객 서비스 차원에서 신제품의 기능을 기존 제품까지 확대해 제공한다. 이번 제공될 기능은 스마트싱스와 퀵쉐어, '블루투스 간편 연결' 기능이다. 블루투스 간편 연결 기능은 고객이 갤럭시 버즈의 케이스를 열면 자동으로 노",테크기기,구태우,2021.05.02 12:59
96,"LG전자  '올레드 에보'...IT 외신 ""넷플릭스 4K를 보라""",/news/articleView.html?idxno=39666,LG전자가 차세대 올레드(OLED·유기발광다이오드) TV인 'LG 올레드 에보'를 출시했다. 올해 글로벌 가전시장에서 올레드 TV의 수요가 60%(출하량 360만대 → 580만대) 가량 늘어날 전망이 나와 LG전자가 올레드 에보를 필두로 프리미엄 TV 시장을 적극 공략할 수 있을지 관심이다.LG전자는 최근 홍콩에서 현지 미디어와 거래선 관계자를 초청해 LG 올레드 에보 소개 행사를 열었다. LG올레드 에보의 진화한 화질과 디자인이 참석자로부터 높은 관심을 받았다. 48형부터 83형에 이르는 4K(3840x2160) 모델과 최대 88,테크기기,구태우,2021.05.02 12:27
97,삼성전자 첫 '노트북언팩'..갤럭시 북 프로·에코시스템 공개,/news/articleView.html?idxno=39618,삼성전자가 28일 밤 11시 ‘갤럭시 언팩’ 행사를 열었다. 스마트폰이 아니라 노트북 언팩이다. '역대 가장 강력한 갤럭시 기기'를 보여준다는 삼성전자의 첫 노트북 언팩. 어떤 강력한 기기를 보여줬을까.언팩의 주인공은 ‘갤럭시 북 프로(Galaxy Book Pro)’ 시리즈다. 시리즈 명과 동일한 ‘갤럭시 북 프로’(이하 프로 노트북) 제품과 ‘갤럭시북 프로 360’(이하 360 노트북) 두 개로 구성됐다.프로 노트북은 내장그래픽 기준 800그램대 경량화를 앞세웠다. 360 노트북은 ‘투인원(2in1)’이라 부르는 360도 회전 디,테크기기,이일호,2021.04.28 23:00
98,삼성전자 첫 노트북언팩 개봉박두! 그들이 말한 '강력한 기기'는?[테크쑤다Live],/news/articleView.html?idxno=39617,"삼성전자가 블로터 언팩 행사를 엽니다. 그런데, 스마트폰이 아니라 노트북입니다. 사상 첫 노트북 언팩 행사를 앞두고 삼성전자는 ""역대 가장 강력한 갤럭시 기기""를 홍보 포인트로 잡았습니다.이번 행사에선 갤럭시 북 프로 시리즈로 노트북이 출시될 것으로 보입니다. 그간 노트북에 힘을 안 주던 삼성전자가 왜 갑자기 노트북 언팩을 열었을까요? 그들이 보여줄 제품은 얼마나 강력할까요? 삼성이 강조하는 갤럭시 에코 시스템은 어떻게 나타날까요?삼성이 예고한 첫 노트북 언팩, 와 'JN테크리뷰'가 함께 털어드립니다. 28일 오후 10시",테크기기,이일호,2021.04.28 21:27
99,"""애플, 차세대 'M2'칩 생산 들어가...올해 맥북 탑재될 수도""",/news/articleView.html?idxno=39601,애플이 자체 설계한 반도체 칩 ‘M1’을 잇는 ‘M2(또는 M1X)’가 생산에 들어간 것으로 알려졌다. 올해 말 맥북에 탑재될 수 있다는 가능성도 제기됐다.27일(현지시간) 는 익명의 소식통을 인용해 애플이 설계한 차세대 맥 프로세스가 이달 대량생산에 들어갔다고 보도했다. 이르면 7월부터 출하되며 올해 하반기 판매될 예정인 맥북에 사용될 수 있다고 이 매체는 전했다.M2는 세계 반도체 파운드리(위탁생산) 1위 업체인 대만 TSMC가 맡는 것으로 전해졌다. 5나노미터플러스(N5+) 공정이 도입될 전망이다. 전작인 M1,테크기기,김인경,2021.04.28 08:41
100,최초의 에어컨트롤타워 2021 LG 휘센 타워 에어컨,/news/articleView.html?idxno=39481,"가전제품 가운데 결단코 먼저 사야 하는 제품을 생각해보자. 필수 가전인 냉장고와 세탁기를 골랐다면 이제부턴 우선순위의 영역이다. 혹자는 TV나 건조기, 공기청정기, 로봇청소기 등을 말하겠지만, 여름이 가까워질수록 소위 ‘뽐뿌’가 오는 게 있다. 바로 에어컨이다.아닌 게 아니라 우리나라는 점차 아열대 기후로 변하고 있다. 그냥 덥기만 하면 버틸 만한데 습하기까지 하다. 기상청이 발표한 올해 여름 기후 전망은 평년보다 기온이 높고 습하며 무더울 것이라 한다. 참고로 서울이 39.6도를 기록했던 2018년 그 여름 이후, 기자의 집에서",테크기기,이일호,2021.04.26 17:21
